./own/data/nipu_dgt_0__1.jpg,0,FALSE
./own/data/nipu_dgt_0__3.jpg,0,FALSE
./own/data/nipu_dgt_0__4.jpg,0,FALSE
./own/data/nipu_dgt_0__5.jpg,0,FALSE
./own/data/nipu_dgt_0__6.jpg,0,FALSE
./own/data/nipu_dgt_0__7.jpg,0,FALSE
./own/data/nipu_dgt_0__8.jpg,0,FALSE
./own/data/nipu_dgt_0__9.jpg,0,FALSE
./own/data/nipu_dgt_0__10.jpg,0,FALSE
./own/data/nipu_dgt_0__11.jpg,0,FALSE
./own/data/nipu_dgt_0__12.jpg,0,FALSE
./own/data/nipu_dgt_0__13.jpg,0,FALSE
./own/data/nipu_dgt_0__14.jpg,0,FALSE
./own/data/nipu_dgt_0__15.jpg,0,FALSE
./own/data/nipu_dgt_0__16.jpg,0,FALSE
./own/data/nipu_dgt_0__17.jpg,0,FALSE
./own/data/nipu_dgt_0__18.jpg,0,FALSE
./own/data/nipu_dgt_0__19.jpg,0,FALSE
./own/data/nipu_dgt_0__20.jpg,0,FALSE
./own/data/nipu_dgt_0__21.jpg,0,FALSE
./own/data/nipu_dgt_0__22.jpg,0,FALSE
./own/data/nipu_dgt_0__23.jpg,0,FALSE
./own/data/nipu_dgt_0__24.jpg,0,FALSE
./own/data/nipu_dgt_0__25.jpg,0,FALSE
./own/data/nipu_dgt_0__26.jpg,0,FALSE
./own/data/nipu_dgt_0__27.jpg,0,FALSE
./own/data/nipu_dgt_0__28.jpg,0,FALSE
./own/data/nipu_dgt_0__29.jpg,0,FALSE
./own/data/nipu_dgt_0__30.jpg,0,FALSE
./own/data/nipu_dgt_0__31.jpg,0,FALSE
./own/data/nipu_dgt_0__32.jpg,0,FALSE
./own/data/nipu_dgt_0__33.jpg,0,FALSE
./own/data/nipu_dgt_0__34.jpg,0,FALSE
./own/data/nipu_dgt_0__35.jpg,0,FALSE
./own/data/nipu_dgt_0__37.jpg,0,FALSE
./own/data/nipu_dgt_0__38.jpg,0,FALSE
./own/data/nipu_dgt_0__39.jpg,0,FALSE
./own/data/nipu_dgt_0__40.jpg,0,FALSE
./own/data/nipu_dgt_0__41.jpg,0,FALSE
./own/data/nipu_dgt_0__43.jpg,0,FALSE
./own/data/nipu_dgt_0__44.jpg,0,FALSE
./own/data/nipu_dgt_0__45.jpg,0,FALSE
./own/data/nipu_dgt_0__46.jpg,0,FALSE
./own/data/nipu_dgt_0__47.jpg,0,FALSE
./own/data/nipu_dgt_0__48.jpg,0,FALSE
./own/data/nipu_dgt_0__49.jpg,0,FALSE
./own/data/nipu_dgt_0__50.jpg,0,FALSE
./own/data/nipu_dgt_0__51.jpg,0,FALSE
./own/data/nipu_dgt_0__52.jpg,0,FALSE
./own/data/nipu_dgt_0__53.jpg,0,FALSE
./own/data/nipu_dgt_0__54.jpg,0,FALSE
./own/data/nipu_dgt_0__55.jpg,0,FALSE
./own/data/nipu_dgt_0__56.jpg,0,FALSE
./own/data/nipu_dgt_0__57.jpg,0,FALSE
./own/data/nipu_dgt_0__58.jpg,0,FALSE
./own/data/nipu_dgt_0__59.jpg,0,FALSE
./own/data/nipu_dgt_0__60.jpg,0,FALSE
./own/data/nipu_dgt_0__61.jpg,0,FALSE
./own/data/nipu_dgt_0__63.jpg,0,FALSE
./own/data/nipu_dgt_0__64.jpg,0,FALSE
./own/data/nipu_dgt_0__65.jpg,0,FALSE
./own/data/nipu_dgt_0__66.jpg,0,FALSE
./own/data/nipu_dgt_0__67.jpg,0,FALSE
./own/data/nipu_dgt_0__68.jpg,0,FALSE
./own/data/nipu_dgt_0__69.jpg,0,FALSE
./own/data/nipu_dgt_0__70.jpg,0,FALSE
./own/data/nipu_dgt_0__71.jpg,0,FALSE
./own/data/nipu_dgt_0__72.jpg,0,FALSE
./own/data/nipu_dgt_0__73.jpg,0,FALSE
./own/data/nipu_dgt_0__74.jpg,0,FALSE
./own/data/nipu_dgt_0__75.jpg,0,FALSE
./own/data/nipu_dgt_0__76.jpg,0,FALSE
./own/data/nipu_dgt_0__77.jpg,0,FALSE
./own/data/nipu_dgt_0__78.jpg,0,FALSE
./own/data/nipu_dgt_0__79.jpg,0,FALSE
./own/data/nipu_dgt_0__80.jpg,0,FALSE
./own/data/nipu_dgt_0__81.jpg,0,FALSE
./own/data/nipu_dgt_0__82.jpg,0,FALSE
./own/data/nipu_dgt_0__83.jpg,0,FALSE
./own/data/nipu_dgt_0__84.jpg,0,FALSE
./own/data/nipu_dgt_0__85.jpg,0,FALSE
./own/data/nipu_dgt_0__86.jpg,0,FALSE
./own/data/nipu_dgt_0__87.jpg,0,FALSE
./own/data/nipu_dgt_0__88.jpg,0,FALSE
./own/data/nipu_dgt_0__89.jpg,0,FALSE
./own/data/nipu_dgt_0__90.jpg,0,FALSE
./own/data/nipu_dgt_0__91.jpg,0,FALSE
./own/data/nipu_dgt_0__92.jpg,0,FALSE
./own/data/nipu_dgt_0__93.jpg,0,FALSE
./own/data/nipu_dgt_0__94.jpg,0,FALSE
./own/data/nipu_dgt_0__95.jpg,0,FALSE
./own/data/nipu_dgt_0__96.jpg,0,FALSE
./own/data/nipu_dgt_0__97.jpg,0,FALSE
./own/data/nipu_dgt_0__98.jpg,0,FALSE
./own/data/nipu_dgt_0__99.jpg,0,FALSE
./own/data/nipu_dgt_0__100.jpg,0,FALSE
./own/data/nipu_dgt_0__101.jpg,0,FALSE
./own/data/nipu_dgt_0__102.jpg,0,FALSE
./own/data/nipu_dgt_0__103.jpg,0,FALSE
./own/data/nipu_dgt_0__105.jpg,0,FALSE
./own/data/nipu_dgt_1__1.jpg,1,FALSE
./own/data/nipu_dgt_1__2.jpg,1,FALSE
./own/data/nipu_dgt_1__3.jpg,1,FALSE
./own/data/nipu_dgt_1__4.jpg,1,FALSE
./own/data/nipu_dgt_1__5.jpg,1,FALSE
./own/data/nipu_dgt_1__6.jpg,1,FALSE
./own/data/nipu_dgt_1__7.jpg,1,FALSE
./own/data/nipu_dgt_1__8.jpg,1,FALSE
./own/data/nipu_dgt_1__9.jpg,1,FALSE
./own/data/nipu_dgt_1__10.jpg,1,FALSE
./own/data/nipu_dgt_1__11.jpg,1,FALSE
./own/data/nipu_dgt_1__12.jpg,1,FALSE
./own/data/nipu_dgt_1__13.jpg,1,FALSE
./own/data/nipu_dgt_1__14.jpg,1,FALSE
./own/data/nipu_dgt_1__15.jpg,1,FALSE
./own/data/nipu_dgt_1__16.jpg,1,FALSE
./own/data/nipu_dgt_1__17.jpg,1,FALSE
./own/data/nipu_dgt_1__18.jpg,1,FALSE
./own/data/nipu_dgt_1__20.jpg,1,FALSE
./own/data/nipu_dgt_1__21.jpg,1,FALSE
./own/data/nipu_dgt_1__22.jpg,1,FALSE
./own/data/nipu_dgt_1__23.jpg,1,FALSE
./own/data/nipu_dgt_1__24.jpg,1,FALSE
./own/data/nipu_dgt_1__25.jpg,1,FALSE
./own/data/nipu_dgt_1__26.jpg,1,FALSE
./own/data/nipu_dgt_1__27.jpg,1,FALSE
./own/data/nipu_dgt_1__28.jpg,1,FALSE
./own/data/nipu_dgt_1__29.jpg,1,FALSE
./own/data/nipu_dgt_1__30.jpg,1,FALSE
./own/data/nipu_dgt_1__31.jpg,1,FALSE
./own/data/nipu_dgt_1__32.jpg,1,FALSE
./own/data/nipu_dgt_1__33.jpg,1,FALSE
./own/data/nipu_dgt_1__34.jpg,1,FALSE
./own/data/nipu_dgt_1__35.jpg,1,FALSE
./own/data/nipu_dgt_1__36.jpg,1,FALSE
./own/data/nipu_dgt_1__37.jpg,1,FALSE
./own/data/nipu_dgt_1__38.jpg,1,FALSE
./own/data/nipu_dgt_1__39.jpg,1,FALSE
./own/data/nipu_dgt_1__40.jpg,1,FALSE
./own/data/nipu_dgt_1__41.jpg,1,FALSE
./own/data/nipu_dgt_1__42.jpg,1,FALSE
./own/data/nipu_dgt_1__43.jpg,1,FALSE
./own/data/nipu_dgt_1__44.jpg,1,FALSE
./own/data/nipu_dgt_1__45.jpg,1,FALSE
./own/data/nipu_dgt_1__46.jpg,1,FALSE
./own/data/nipu_dgt_1__47.jpg,1,FALSE
./own/data/nipu_dgt_1__48.jpg,1,FALSE
./own/data/nipu_dgt_1__49.jpg,1,FALSE
./own/data/nipu_dgt_1__50.jpg,1,FALSE
./own/data/nipu_dgt_1__51.jpg,1,FALSE
./own/data/nipu_dgt_1__52.jpg,1,FALSE
./own/data/nipu_dgt_1__53.jpg,1,FALSE
./own/data/nipu_dgt_1__54.jpg,1,FALSE
./own/data/nipu_dgt_1__55.jpg,1,FALSE
./own/data/nipu_dgt_1__56.jpg,1,FALSE
./own/data/nipu_dgt_1__57.jpg,1,FALSE
./own/data/nipu_dgt_1__58.jpg,1,FALSE
./own/data/nipu_dgt_1__59.jpg,1,FALSE
./own/data/nipu_dgt_1__60.jpg,1,FALSE
./own/data/nipu_dgt_1__61.jpg,1,FALSE
./own/data/nipu_dgt_1__62.jpg,1,FALSE
./own/data/nipu_dgt_1__63.jpg,1,FALSE
./own/data/nipu_dgt_1__64.jpg,1,FALSE
./own/data/nipu_dgt_1__65.jpg,1,FALSE
./own/data/nipu_dgt_1__66.jpg,1,FALSE
./own/data/nipu_dgt_1__67.jpg,1,FALSE
./own/data/nipu_dgt_1__68.jpg,1,FALSE
./own/data/nipu_dgt_1__69.jpg,1,FALSE
./own/data/nipu_dgt_1__70.jpg,1,FALSE
./own/data/nipu_dgt_1__71.jpg,1,FALSE
./own/data/nipu_dgt_1__72.jpg,1,FALSE
./own/data/nipu_dgt_1__73.jpg,1,FALSE
./own/data/nipu_dgt_1__74.jpg,1,FALSE
./own/data/nipu_dgt_1__75.jpg,1,FALSE
./own/data/nipu_dgt_1__76.jpg,1,FALSE
./own/data/nipu_dgt_1__77.jpg,1,FALSE
./own/data/nipu_dgt_1__78.jpg,1,FALSE
./own/data/nipu_dgt_1__79.jpg,1,FALSE
./own/data/nipu_dgt_1__80.jpg,1,FALSE
./own/data/nipu_dgt_1__81.jpg,1,FALSE
./own/data/nipu_dgt_1__82.jpg,1,FALSE
./own/data/nipu_dgt_1__83.jpg,1,FALSE
./own/data/nipu_dgt_1__84.jpg,1,FALSE
./own/data/nipu_dgt_1__85.jpg,1,FALSE
./own/data/nipu_dgt_1__86.jpg,1,FALSE
./own/data/nipu_dgt_1__87.jpg,1,FALSE
./own/data/nipu_dgt_1__88.jpg,1,FALSE
./own/data/nipu_dgt_1__89.jpg,1,FALSE
./own/data/nipu_dgt_1__90.jpg,1,FALSE
./own/data/nipu_dgt_1__91.jpg,1,FALSE
./own/data/nipu_dgt_1__92.jpg,1,FALSE
./own/data/nipu_dgt_1__93.jpg,1,FALSE
./own/data/nipu_dgt_1__94.jpg,1,FALSE
./own/data/nipu_dgt_1__95.jpg,1,FALSE
./own/data/nipu_dgt_1__96.jpg,1,FALSE
./own/data/nipu_dgt_1__97.jpg,1,FALSE
./own/data/nipu_dgt_1__98.jpg,1,FALSE
./own/data/nipu_dgt_1__99.jpg,1,FALSE
./own/data/nipu_dgt_1__100.jpg,1,FALSE
./own/data/nipu_dgt_1__101.jpg,1,FALSE
./own/data/nipu_dgt_2__1.jpg,2,FALSE
./own/data/nipu_dgt_2__2.jpg,2,FALSE
./own/data/nipu_dgt_2__3.jpg,2,FALSE
./own/data/nipu_dgt_2__4.jpg,2,FALSE
./own/data/nipu_dgt_2__5.jpg,2,FALSE
./own/data/nipu_dgt_2__6.jpg,2,FALSE
./own/data/nipu_dgt_2__7.jpg,2,FALSE
./own/data/nipu_dgt_2__8.jpg,2,FALSE
./own/data/nipu_dgt_2__9.jpg,2,FALSE
./own/data/nipu_dgt_2__10.jpg,2,FALSE
./own/data/nipu_dgt_2__11.jpg,2,FALSE
./own/data/nipu_dgt_2__12.jpg,2,FALSE
./own/data/nipu_dgt_2__13.jpg,2,FALSE
./own/data/nipu_dgt_2__14.jpg,2,FALSE
./own/data/nipu_dgt_2__15.jpg,2,FALSE
./own/data/nipu_dgt_2__16.jpg,2,FALSE
./own/data/nipu_dgt_2__17.jpg,2,FALSE
./own/data/nipu_dgt_2__18.jpg,2,FALSE
./own/data/nipu_dgt_2__19.jpg,2,FALSE
./own/data/nipu_dgt_2__20.jpg,2,FALSE
./own/data/nipu_dgt_2__21.jpg,2,FALSE
./own/data/nipu_dgt_2__22.jpg,2,FALSE
./own/data/nipu_dgt_2__23.jpg,2,FALSE
./own/data/nipu_dgt_2__24.jpg,2,FALSE
./own/data/nipu_dgt_2__25.jpg,2,FALSE
./own/data/nipu_dgt_2__26.jpg,2,FALSE
./own/data/nipu_dgt_2__27.jpg,2,FALSE
./own/data/nipu_dgt_2__28.jpg,2,FALSE
./own/data/nipu_dgt_2__29.jpg,2,FALSE
./own/data/nipu_dgt_2__30.jpg,2,FALSE
./own/data/nipu_dgt_2__31.jpg,2,FALSE
./own/data/nipu_dgt_2__32.jpg,2,FALSE
./own/data/nipu_dgt_2__33.jpg,2,FALSE
./own/data/nipu_dgt_2__34.jpg,2,FALSE
./own/data/nipu_dgt_2__35.jpg,2,FALSE
./own/data/nipu_dgt_2__36.jpg,2,FALSE
./own/data/nipu_dgt_2__37.jpg,2,FALSE
./own/data/nipu_dgt_2__38.jpg,2,FALSE
./own/data/nipu_dgt_2__39.jpg,2,FALSE
./own/data/nipu_dgt_2__40.jpg,2,FALSE
./own/data/nipu_dgt_2__41.jpg,2,FALSE
./own/data/nipu_dgt_2__42.jpg,2,FALSE
./own/data/nipu_dgt_2__43.jpg,2,FALSE
./own/data/nipu_dgt_2__44.jpg,2,FALSE
./own/data/nipu_dgt_2__45.jpg,2,FALSE
./own/data/nipu_dgt_2__46.jpg,2,FALSE
./own/data/nipu_dgt_2__47.jpg,2,FALSE
./own/data/nipu_dgt_2__48.jpg,2,FALSE
./own/data/nipu_dgt_2__49.jpg,2,FALSE
./own/data/nipu_dgt_2__50.jpg,2,FALSE
./own/data/nipu_dgt_2__51.jpg,2,FALSE
./own/data/nipu_dgt_2__52.jpg,2,FALSE
./own/data/nipu_dgt_2__53.jpg,2,FALSE
./own/data/nipu_dgt_2__54.jpg,2,FALSE
./own/data/nipu_dgt_2__55.jpg,2,FALSE
./own/data/nipu_dgt_2__56.jpg,2,FALSE
./own/data/nipu_dgt_2__57.jpg,2,FALSE
./own/data/nipu_dgt_2__58.jpg,2,FALSE
./own/data/nipu_dgt_2__59.jpg,2,FALSE
./own/data/nipu_dgt_2__60.jpg,2,FALSE
./own/data/nipu_dgt_2__61.jpg,2,FALSE
./own/data/nipu_dgt_2__62.jpg,2,FALSE
./own/data/nipu_dgt_2__63.jpg,2,FALSE
./own/data/nipu_dgt_2__64.jpg,2,FALSE
./own/data/nipu_dgt_2__65.jpg,2,FALSE
./own/data/nipu_dgt_2__66.jpg,2,FALSE
./own/data/nipu_dgt_2__67.jpg,2,FALSE
./own/data/nipu_dgt_2__68.jpg,2,FALSE
./own/data/nipu_dgt_2__69.jpg,2,FALSE
./own/data/nipu_dgt_2__70.jpg,2,FALSE
./own/data/nipu_dgt_2__71.jpg,2,FALSE
./own/data/nipu_dgt_2__72.jpg,2,FALSE
./own/data/nipu_dgt_2__73.jpg,2,FALSE
./own/data/nipu_dgt_2__74.jpg,2,FALSE
./own/data/nipu_dgt_2__75.jpg,2,FALSE
./own/data/nipu_dgt_2__76.jpg,2,FALSE
./own/data/nipu_dgt_2__77.jpg,2,FALSE
./own/data/nipu_dgt_2__78.jpg,2,FALSE
./own/data/nipu_dgt_2__79.jpg,2,FALSE
./own/data/nipu_dgt_2__80.jpg,2,FALSE
./own/data/nipu_dgt_2__81.jpg,2,FALSE
./own/data/nipu_dgt_2__82.jpg,2,FALSE
./own/data/nipu_dgt_2__83.jpg,2,FALSE
./own/data/nipu_dgt_2__84.jpg,2,FALSE
./own/data/nipu_dgt_2__85.jpg,2,FALSE
./own/data/nipu_dgt_2__86.jpg,2,FALSE
./own/data/nipu_dgt_2__87.jpg,2,FALSE
./own/data/nipu_dgt_2__88.jpg,2,FALSE
./own/data/nipu_dgt_2__89.jpg,2,FALSE
./own/data/nipu_dgt_2__90.jpg,2,FALSE
./own/data/nipu_dgt_2__91.jpg,2,FALSE
./own/data/nipu_dgt_2__92.jpg,2,FALSE
./own/data/nipu_dgt_2__93.jpg,2,FALSE
./own/data/nipu_dgt_2__94.jpg,2,FALSE
./own/data/nipu_dgt_2__95.jpg,2,FALSE
./own/data/nipu_dgt_2__96.jpg,2,FALSE
./own/data/nipu_dgt_2__97.jpg,2,FALSE
./own/data/nipu_dgt_2__98.jpg,2,FALSE
./own/data/nipu_dgt_3__1.jpg,3,FALSE
./own/data/nipu_dgt_3__2.jpg,3,FALSE
./own/data/nipu_dgt_3__3.jpg,3,FALSE
./own/data/nipu_dgt_3__4.jpg,3,FALSE
./own/data/nipu_dgt_3__5.jpg,3,FALSE
./own/data/nipu_dgt_3__6.jpg,3,FALSE
./own/data/nipu_dgt_3__7.jpg,3,FALSE
./own/data/nipu_dgt_3__8.jpg,3,FALSE
./own/data/nipu_dgt_3__9.jpg,3,FALSE
./own/data/nipu_dgt_3__10.jpg,3,FALSE
./own/data/nipu_dgt_3__11.jpg,3,FALSE
./own/data/nipu_dgt_3__12.jpg,3,FALSE
./own/data/nipu_dgt_3__13.jpg,3,FALSE
./own/data/nipu_dgt_3__14.jpg,3,FALSE
./own/data/nipu_dgt_3__15.jpg,3,FALSE
./own/data/nipu_dgt_3__16.jpg,3,FALSE
./own/data/nipu_dgt_3__17.jpg,3,FALSE
./own/data/nipu_dgt_3__18.jpg,3,FALSE
./own/data/nipu_dgt_3__19.jpg,3,FALSE
./own/data/nipu_dgt_3__20.jpg,3,FALSE
./own/data/nipu_dgt_3__21.jpg,3,FALSE
./own/data/nipu_dgt_3__22.jpg,3,FALSE
./own/data/nipu_dgt_3__23.jpg,3,FALSE
./own/data/nipu_dgt_3__24.jpg,3,FALSE
./own/data/nipu_dgt_3__25.jpg,3,FALSE
./own/data/nipu_dgt_3__26.jpg,3,FALSE
./own/data/nipu_dgt_3__27.jpg,3,FALSE
./own/data/nipu_dgt_3__28.jpg,3,FALSE
./own/data/nipu_dgt_3__29.jpg,3,FALSE
./own/data/nipu_dgt_3__30.jpg,3,FALSE
./own/data/nipu_dgt_3__31.jpg,3,FALSE
./own/data/nipu_dgt_3__32.jpg,3,FALSE
./own/data/nipu_dgt_3__33.jpg,3,FALSE
./own/data/nipu_dgt_3__34.jpg,3,FALSE
./own/data/nipu_dgt_3__35.jpg,3,FALSE
./own/data/nipu_dgt_3__36.jpg,3,FALSE
./own/data/nipu_dgt_3__38.jpg,3,FALSE
./own/data/nipu_dgt_3__39.jpg,3,FALSE
./own/data/nipu_dgt_3__40.jpg,3,FALSE
./own/data/nipu_dgt_3__41.jpg,3,FALSE
./own/data/nipu_dgt_3__42.jpg,3,FALSE
./own/data/nipu_dgt_3__43.jpg,3,FALSE
./own/data/nipu_dgt_3__44.jpg,3,FALSE
./own/data/nipu_dgt_3__45.jpg,3,FALSE
./own/data/nipu_dgt_3__46.jpg,3,FALSE
./own/data/nipu_dgt_3__47.jpg,3,FALSE
./own/data/nipu_dgt_3__48.jpg,3,FALSE
./own/data/nipu_dgt_3__49.jpg,3,FALSE
./own/data/nipu_dgt_3__50.jpg,3,FALSE
./own/data/nipu_dgt_3__51.jpg,3,FALSE
./own/data/nipu_dgt_3__52.jpg,3,FALSE
./own/data/nipu_dgt_3__53.jpg,3,FALSE
./own/data/nipu_dgt_3__54.jpg,3,FALSE
./own/data/nipu_dgt_3__55.jpg,3,FALSE
./own/data/nipu_dgt_3__56.jpg,3,FALSE
./own/data/nipu_dgt_3__57.jpg,3,FALSE
./own/data/nipu_dgt_3__58.jpg,3,FALSE
./own/data/nipu_dgt_3__59.jpg,3,FALSE
./own/data/nipu_dgt_3__60.jpg,3,FALSE
./own/data/nipu_dgt_3__61.jpg,3,FALSE
./own/data/nipu_dgt_3__62.jpg,3,FALSE
./own/data/nipu_dgt_3__63.jpg,3,FALSE
./own/data/nipu_dgt_3__64.jpg,3,FALSE
./own/data/nipu_dgt_3__65.jpg,3,FALSE
./own/data/nipu_dgt_3__66.jpg,3,FALSE
./own/data/nipu_dgt_3__67.jpg,3,FALSE
./own/data/nipu_dgt_3__68.jpg,3,FALSE
./own/data/nipu_dgt_3__70.jpg,3,FALSE
./own/data/nipu_dgt_3__71.jpg,3,FALSE
./own/data/nipu_dgt_3__72.jpg,3,FALSE
./own/data/nipu_dgt_3__73.jpg,3,FALSE
./own/data/nipu_dgt_3__74.jpg,3,FALSE
./own/data/nipu_dgt_3__75.jpg,3,FALSE
./own/data/nipu_dgt_3__76.jpg,3,FALSE
./own/data/nipu_dgt_3__77.jpg,3,FALSE
./own/data/nipu_dgt_3__78.jpg,3,FALSE
./own/data/nipu_dgt_3__79.jpg,3,FALSE
./own/data/nipu_dgt_3__80.jpg,3,FALSE
./own/data/nipu_dgt_3__81.jpg,3,FALSE
./own/data/nipu_dgt_3__82.jpg,3,FALSE
./own/data/nipu_dgt_3__83.jpg,3,FALSE
./own/data/nipu_dgt_3__85.jpg,3,FALSE
./own/data/nipu_dgt_3__86.jpg,3,FALSE
./own/data/nipu_dgt_3__87.jpg,3,FALSE
./own/data/nipu_dgt_3__88.jpg,3,FALSE
./own/data/nipu_dgt_3__89.jpg,3,FALSE
./own/data/nipu_dgt_3__90.jpg,3,FALSE
./own/data/nipu_dgt_3__91.jpg,3,FALSE
./own/data/nipu_dgt_3__92.jpg,3,FALSE
./own/data/nipu_dgt_3__93.jpg,3,FALSE
./own/data/nipu_dgt_3__94.jpg,3,FALSE
./own/data/nipu_dgt_3__95.jpg,3,FALSE
./own/data/nipu_dgt_3__96.jpg,3,FALSE
./own/data/nipu_dgt_3__97.jpg,3,FALSE
./own/data/nipu_dgt_3__98.jpg,3,FALSE
./own/data/nipu_dgt_3__99.jpg,3,FALSE
./own/data/nipu_dgt_3__100.jpg,3,FALSE
./own/data/nipu_dgt_3__101.jpg,3,FALSE
./own/data/nipu_dgt_3__102.jpg,3,FALSE
./own/data/nipu_dgt_3__103.jpg,3,FALSE
./own/data/nipu_dgt_4__1.jpg,4,FALSE
./own/data/nipu_dgt_4__3.jpg,4,FALSE
./own/data/nipu_dgt_4__5.jpg,4,FALSE
./own/data/nipu_dgt_4__7.jpg,4,FALSE
./own/data/nipu_dgt_4__8.jpg,4,FALSE
./own/data/nipu_dgt_4__11.jpg,4,FALSE
./own/data/nipu_dgt_4__12.jpg,4,FALSE
./own/data/nipu_dgt_4__13.jpg,4,FALSE
./own/data/nipu_dgt_4__14.jpg,4,FALSE
./own/data/nipu_dgt_4__16.jpg,4,FALSE
./own/data/nipu_dgt_4__17.jpg,4,FALSE
./own/data/nipu_dgt_4__19.jpg,4,FALSE
./own/data/nipu_dgt_4__21.jpg,4,FALSE
./own/data/nipu_dgt_4__23.jpg,4,FALSE
./own/data/nipu_dgt_4__24.jpg,4,FALSE
./own/data/nipu_dgt_4__25.jpg,4,FALSE
./own/data/nipu_dgt_4__26.jpg,4,FALSE
./own/data/nipu_dgt_4__29.jpg,4,FALSE
./own/data/nipu_dgt_4__30.jpg,4,FALSE
./own/data/nipu_dgt_4__33.jpg,4,FALSE
./own/data/nipu_dgt_4__35.jpg,4,FALSE
./own/data/nipu_dgt_4__36.jpg,4,FALSE
./own/data/nipu_dgt_4__37.jpg,4,FALSE
./own/data/nipu_dgt_4__38.jpg,4,FALSE
./own/data/nipu_dgt_4__39.jpg,4,FALSE
./own/data/nipu_dgt_4__40.jpg,4,FALSE
./own/data/nipu_dgt_4__41.jpg,4,FALSE
./own/data/nipu_dgt_4__42.jpg,4,FALSE
./own/data/nipu_dgt_4__43.jpg,4,FALSE
./own/data/nipu_dgt_4__45.jpg,4,FALSE
./own/data/nipu_dgt_4__46.jpg,4,FALSE
./own/data/nipu_dgt_4__48.jpg,4,FALSE
./own/data/nipu_dgt_4__49.jpg,4,FALSE
./own/data/nipu_dgt_4__50.jpg,4,FALSE
./own/data/nipu_dgt_4__52.jpg,4,FALSE
./own/data/nipu_dgt_4__53.jpg,4,FALSE
./own/data/nipu_dgt_4__54.jpg,4,FALSE
./own/data/nipu_dgt_4__55.jpg,4,FALSE
./own/data/nipu_dgt_4__56.jpg,4,FALSE
./own/data/nipu_dgt_4__57.jpg,4,FALSE
./own/data/nipu_dgt_4__59.jpg,4,FALSE
./own/data/nipu_dgt_4__60.jpg,4,FALSE
./own/data/nipu_dgt_4__61.jpg,4,FALSE
./own/data/nipu_dgt_4__63.jpg,4,FALSE
./own/data/nipu_dgt_4__64.jpg,4,FALSE
./own/data/nipu_dgt_4__66.jpg,4,FALSE
./own/data/nipu_dgt_4__68.jpg,4,FALSE
./own/data/nipu_dgt_4__69.jpg,4,FALSE
./own/data/nipu_dgt_4__70.jpg,4,FALSE
./own/data/nipu_dgt_4__72.jpg,4,FALSE
./own/data/nipu_dgt_4__73.jpg,4,FALSE
./own/data/nipu_dgt_4__74.jpg,4,FALSE
./own/data/nipu_dgt_4__75.jpg,4,FALSE
./own/data/nipu_dgt_4__76.jpg,4,FALSE
./own/data/nipu_dgt_4__77.jpg,4,FALSE
./own/data/nipu_dgt_4__78.jpg,4,FALSE
./own/data/nipu_dgt_4__79.jpg,4,FALSE
./own/data/nipu_dgt_4__80.jpg,4,FALSE
./own/data/nipu_dgt_4__81.jpg,4,FALSE
./own/data/nipu_dgt_4__82.jpg,4,FALSE
./own/data/nipu_dgt_4__83.jpg,4,FALSE
./own/data/nipu_dgt_4__85.jpg,4,FALSE
./own/data/nipu_dgt_4__86.jpg,4,FALSE
./own/data/nipu_dgt_4__87.jpg,4,FALSE
./own/data/nipu_dgt_4__88.jpg,4,FALSE
./own/data/nipu_dgt_4__90.jpg,4,FALSE
./own/data/nipu_dgt_4__92.jpg,4,FALSE
./own/data/nipu_dgt_4__93.jpg,4,FALSE
./own/data/nipu_dgt_4__94.jpg,4,FALSE
./own/data/nipu_dgt_4__95.jpg,4,FALSE
./own/data/nipu_dgt_4__96.jpg,4,FALSE
./own/data/nipu_dgt_4__97.jpg,4,FALSE
./own/data/nipu_dgt_4__98.jpg,4,FALSE
./own/data/nipu_dgt_4__99.jpg,4,FALSE
./own/data/nipu_dgt_4__100.jpg,4,FALSE
./own/data/nipu_dgt_4__101.jpg,4,FALSE
./own/data/nipu_dgt_4__102.jpg,4,FALSE
./own/data/nipu_dgt_4__103.jpg,4,FALSE
./own/data/nipu_dgt_4__104.jpg,4,FALSE
./own/data/nipu_dgt_4__105.jpg,4,FALSE
./own/data/nipu_dgt_4__106.jpg,4,FALSE
./own/data/nipu_dgt_4__107.jpg,4,FALSE
./own/data/nipu_dgt_4__108.jpg,4,FALSE
./own/data/nipu_dgt_4__109.jpg,4,FALSE
./own/data/nipu_dgt_4__110.jpg,4,FALSE
./own/data/nipu_dgt_4__111.jpg,4,FALSE
./own/data/nipu_dgt_4__112.jpg,4,FALSE
./own/data/nipu_dgt_4__113.jpg,4,FALSE
./own/data/nipu_dgt_4__114.jpg,4,FALSE
./own/data/nipu_dgt_4__115.jpg,4,FALSE
./own/data/nipu_dgt_4__116.jpg,4,FALSE
./own/data/nipu_dgt_4__117.jpg,4,FALSE
./own/data/nipu_dgt_4__118.jpg,4,FALSE
./own/data/nipu_dgt_4__119.jpg,4,FALSE
./own/data/nipu_dgt_4__121.jpg,4,FALSE
./own/data/nipu_dgt_4__122.jpg,4,FALSE
./own/data/nipu_dgt_4__124.jpg,4,FALSE
./own/data/nipu_dgt_4__125.jpg,4,FALSE
./own/data/nipu_dgt_4__126.jpg,4,FALSE
./own/data/nipu_dgt_4__127.jpg,4,FALSE
./own/data/nipu_dgt_5__1.jpg,5,FALSE
./own/data/nipu_dgt_5__2.jpg,5,FALSE
./own/data/nipu_dgt_5__3.jpg,5,FALSE
./own/data/nipu_dgt_5__4.jpg,5,FALSE
./own/data/nipu_dgt_5__5.jpg,5,FALSE
./own/data/nipu_dgt_5__6.jpg,5,FALSE
./own/data/nipu_dgt_5__7.jpg,5,FALSE
./own/data/nipu_dgt_5__8.jpg,5,FALSE
./own/data/nipu_dgt_5__9.jpg,5,FALSE
./own/data/nipu_dgt_5__10.jpg,5,FALSE
./own/data/nipu_dgt_5__11.jpg,5,FALSE
./own/data/nipu_dgt_5__13.jpg,5,FALSE
./own/data/nipu_dgt_5__14.jpg,5,FALSE
./own/data/nipu_dgt_5__15.jpg,5,FALSE
./own/data/nipu_dgt_5__16.jpg,5,FALSE
./own/data/nipu_dgt_5__17.jpg,5,FALSE
./own/data/nipu_dgt_5__18.jpg,5,FALSE
./own/data/nipu_dgt_5__19.jpg,5,FALSE
./own/data/nipu_dgt_5__20.jpg,5,FALSE
./own/data/nipu_dgt_5__21.jpg,5,FALSE
./own/data/nipu_dgt_5__22.jpg,5,FALSE
./own/data/nipu_dgt_5__23.jpg,5,FALSE
./own/data/nipu_dgt_5__24.jpg,5,FALSE
./own/data/nipu_dgt_5__25.jpg,5,FALSE
./own/data/nipu_dgt_5__26.jpg,5,FALSE
./own/data/nipu_dgt_5__27.jpg,5,FALSE
./own/data/nipu_dgt_5__29.jpg,5,FALSE
./own/data/nipu_dgt_5__30.jpg,5,FALSE
./own/data/nipu_dgt_5__31.jpg,5,FALSE
./own/data/nipu_dgt_5__32.jpg,5,FALSE
./own/data/nipu_dgt_5__33.jpg,5,FALSE
./own/data/nipu_dgt_5__34.jpg,5,FALSE
./own/data/nipu_dgt_5__35.jpg,5,FALSE
./own/data/nipu_dgt_5__36.jpg,5,FALSE
./own/data/nipu_dgt_5__37.jpg,5,FALSE
./own/data/nipu_dgt_5__38.jpg,5,FALSE
./own/data/nipu_dgt_5__39.jpg,5,FALSE
./own/data/nipu_dgt_5__40.jpg,5,FALSE
./own/data/nipu_dgt_5__41.jpg,5,FALSE
./own/data/nipu_dgt_5__42.jpg,5,FALSE
./own/data/nipu_dgt_5__43.jpg,5,FALSE
./own/data/nipu_dgt_5__44.jpg,5,FALSE
./own/data/nipu_dgt_5__45.jpg,5,FALSE
./own/data/nipu_dgt_5__46.jpg,5,FALSE
./own/data/nipu_dgt_5__47.jpg,5,FALSE
./own/data/nipu_dgt_5__48.jpg,5,FALSE
./own/data/nipu_dgt_5__49.jpg,5,FALSE
./own/data/nipu_dgt_5__50.jpg,5,FALSE
./own/data/nipu_dgt_5__52.jpg,5,FALSE
./own/data/nipu_dgt_5__53.jpg,5,FALSE
./own/data/nipu_dgt_5__54.jpg,5,FALSE
./own/data/nipu_dgt_5__55.jpg,5,FALSE
./own/data/nipu_dgt_5__56.jpg,5,FALSE
./own/data/nipu_dgt_5__57.jpg,5,FALSE
./own/data/nipu_dgt_5__58.jpg,5,FALSE
./own/data/nipu_dgt_5__60.jpg,5,FALSE
./own/data/nipu_dgt_5__61.jpg,5,FALSE
./own/data/nipu_dgt_5__62.jpg,5,FALSE
./own/data/nipu_dgt_5__63.jpg,5,FALSE
./own/data/nipu_dgt_5__64.jpg,5,FALSE
./own/data/nipu_dgt_5__65.jpg,5,FALSE
./own/data/nipu_dgt_5__66.jpg,5,FALSE
./own/data/nipu_dgt_5__67.jpg,5,FALSE
./own/data/nipu_dgt_5__68.jpg,5,FALSE
./own/data/nipu_dgt_5__69.jpg,5,FALSE
./own/data/nipu_dgt_5__70.jpg,5,FALSE
./own/data/nipu_dgt_5__71.jpg,5,FALSE
./own/data/nipu_dgt_5__72.jpg,5,FALSE
./own/data/nipu_dgt_5__73.jpg,5,FALSE
./own/data/nipu_dgt_5__74.jpg,5,FALSE
./own/data/nipu_dgt_5__75.jpg,5,FALSE
./own/data/nipu_dgt_5__76.jpg,5,FALSE
./own/data/nipu_dgt_5__77.jpg,5,FALSE
./own/data/nipu_dgt_5__78.jpg,5,FALSE
./own/data/nipu_dgt_5__79.jpg,5,FALSE
./own/data/nipu_dgt_5__80.jpg,5,FALSE
./own/data/nipu_dgt_5__81.jpg,5,FALSE
./own/data/nipu_dgt_5__82.jpg,5,FALSE
./own/data/nipu_dgt_5__83.jpg,5,FALSE
./own/data/nipu_dgt_5__84.jpg,5,FALSE
./own/data/nipu_dgt_5__85.jpg,5,FALSE
./own/data/nipu_dgt_5__87.jpg,5,FALSE
./own/data/nipu_dgt_5__88.jpg,5,FALSE
./own/data/nipu_dgt_5__89.jpg,5,FALSE
./own/data/nipu_dgt_5__90.jpg,5,FALSE
./own/data/nipu_dgt_5__91.jpg,5,FALSE
./own/data/nipu_dgt_5__92.jpg,5,FALSE
./own/data/nipu_dgt_5__93.jpg,5,FALSE
./own/data/nipu_dgt_5__94.jpg,5,FALSE
./own/data/nipu_dgt_5__96.jpg,5,FALSE
./own/data/nipu_dgt_5__97.jpg,5,FALSE
./own/data/nipu_dgt_5__98.jpg,5,FALSE
./own/data/nipu_dgt_5__99.jpg,5,FALSE
./own/data/nipu_dgt_5__100.jpg,5,FALSE
./own/data/nipu_dgt_5__101.jpg,5,FALSE
./own/data/nipu_dgt_5__102.jpg,5,FALSE
./own/data/nipu_dgt_5__103.jpg,5,FALSE
./own/data/nipu_dgt_5__104.jpg,5,FALSE
./own/data/nipu_dgt_5__105.jpg,5,FALSE
./own/data/nipu_dgt_5__106.jpg,5,FALSE
./own/data/nipu_dgt_6__1.jpg,6,FALSE
./own/data/nipu_dgt_6__2.jpg,6,FALSE
./own/data/nipu_dgt_6__3.jpg,6,FALSE
./own/data/nipu_dgt_6__4.jpg,6,FALSE
./own/data/nipu_dgt_6__5.jpg,6,FALSE
./own/data/nipu_dgt_6__6.jpg,6,FALSE
./own/data/nipu_dgt_6__7.jpg,6,FALSE
./own/data/nipu_dgt_6__8.jpg,6,FALSE
./own/data/nipu_dgt_6__9.jpg,6,FALSE
./own/data/nipu_dgt_6__10.jpg,6,FALSE
./own/data/nipu_dgt_6__11.jpg,6,FALSE
./own/data/nipu_dgt_6__12.jpg,6,FALSE
./own/data/nipu_dgt_6__13.jpg,6,FALSE
./own/data/nipu_dgt_6__14.jpg,6,FALSE
./own/data/nipu_dgt_6__15.jpg,6,FALSE
./own/data/nipu_dgt_6__16.jpg,6,FALSE
./own/data/nipu_dgt_6__17.jpg,6,FALSE
./own/data/nipu_dgt_6__19.jpg,6,FALSE
./own/data/nipu_dgt_6__20.jpg,6,FALSE
./own/data/nipu_dgt_6__21.jpg,6,FALSE
./own/data/nipu_dgt_6__22.jpg,6,FALSE
./own/data/nipu_dgt_6__23.jpg,6,FALSE
./own/data/nipu_dgt_6__24.jpg,6,FALSE
./own/data/nipu_dgt_6__25.jpg,6,FALSE
./own/data/nipu_dgt_6__26.jpg,6,FALSE
./own/data/nipu_dgt_6__27.jpg,6,FALSE
./own/data/nipu_dgt_6__28.jpg,6,FALSE
./own/data/nipu_dgt_6__29.jpg,6,FALSE
./own/data/nipu_dgt_6__30.jpg,6,FALSE
./own/data/nipu_dgt_6__31.jpg,6,FALSE
./own/data/nipu_dgt_6__32.jpg,6,FALSE
./own/data/nipu_dgt_6__33.jpg,6,FALSE
./own/data/nipu_dgt_6__34.jpg,6,FALSE
./own/data/nipu_dgt_6__35.jpg,6,FALSE
./own/data/nipu_dgt_6__36.jpg,6,FALSE
./own/data/nipu_dgt_6__37.jpg,6,FALSE
./own/data/nipu_dgt_6__38.jpg,6,FALSE
./own/data/nipu_dgt_6__39.jpg,6,FALSE
./own/data/nipu_dgt_6__40.jpg,6,FALSE
./own/data/nipu_dgt_6__41.jpg,6,FALSE
./own/data/nipu_dgt_6__42.jpg,6,FALSE
./own/data/nipu_dgt_6__43.jpg,6,FALSE
./own/data/nipu_dgt_6__44.jpg,6,FALSE
./own/data/nipu_dgt_6__45.jpg,6,FALSE
./own/data/nipu_dgt_6__46.jpg,6,FALSE
./own/data/nipu_dgt_6__47.jpg,6,FALSE
./own/data/nipu_dgt_6__48.jpg,6,FALSE
./own/data/nipu_dgt_6__49.jpg,6,FALSE
./own/data/nipu_dgt_6__50.jpg,6,FALSE
./own/data/nipu_dgt_6__51.jpg,6,FALSE
./own/data/nipu_dgt_6__52.jpg,6,FALSE
./own/data/nipu_dgt_6__53.jpg,6,FALSE
./own/data/nipu_dgt_6__54.jpg,6,FALSE
./own/data/nipu_dgt_6__55.jpg,6,FALSE
./own/data/nipu_dgt_6__56.jpg,6,FALSE
./own/data/nipu_dgt_6__57.jpg,6,FALSE
./own/data/nipu_dgt_6__58.jpg,6,FALSE
./own/data/nipu_dgt_6__59.jpg,6,FALSE
./own/data/nipu_dgt_6__60.jpg,6,FALSE
./own/data/nipu_dgt_6__61.jpg,6,FALSE
./own/data/nipu_dgt_6__62.jpg,6,FALSE
./own/data/nipu_dgt_6__63.jpg,6,FALSE
./own/data/nipu_dgt_6__64.jpg,6,FALSE
./own/data/nipu_dgt_6__65.jpg,6,FALSE
./own/data/nipu_dgt_6__66.jpg,6,FALSE
./own/data/nipu_dgt_6__67.jpg,6,FALSE
./own/data/nipu_dgt_6__68.jpg,6,FALSE
./own/data/nipu_dgt_6__69.jpg,6,FALSE
./own/data/nipu_dgt_6__70.jpg,6,FALSE
./own/data/nipu_dgt_6__72.jpg,6,FALSE
./own/data/nipu_dgt_6__73.jpg,6,FALSE
./own/data/nipu_dgt_6__74.jpg,6,FALSE
./own/data/nipu_dgt_6__75.jpg,6,FALSE
./own/data/nipu_dgt_6__76.jpg,6,FALSE
./own/data/nipu_dgt_6__77.jpg,6,FALSE
./own/data/nipu_dgt_6__78.jpg,6,FALSE
./own/data/nipu_dgt_6__79.jpg,6,FALSE
./own/data/nipu_dgt_6__80.jpg,6,FALSE
./own/data/nipu_dgt_6__82.jpg,6,FALSE
./own/data/nipu_dgt_6__83.jpg,6,FALSE
./own/data/nipu_dgt_6__84.jpg,6,FALSE
./own/data/nipu_dgt_6__85.jpg,6,FALSE
./own/data/nipu_dgt_6__86.jpg,6,FALSE
./own/data/nipu_dgt_6__87.jpg,6,FALSE
./own/data/nipu_dgt_6__88.jpg,6,FALSE
./own/data/nipu_dgt_6__89.jpg,6,FALSE
./own/data/nipu_dgt_6__90.jpg,6,FALSE
./own/data/nipu_dgt_6__91.jpg,6,FALSE
./own/data/nipu_dgt_6__92.jpg,6,FALSE
./own/data/nipu_dgt_6__93.jpg,6,FALSE
./own/data/nipu_dgt_6__94.jpg,6,FALSE
./own/data/nipu_dgt_6__95.jpg,6,FALSE
./own/data/nipu_dgt_6__96.jpg,6,FALSE
./own/data/nipu_dgt_6__97.jpg,6,FALSE
./own/data/nipu_dgt_6__98.jpg,6,FALSE
./own/data/nipu_dgt_6__99.jpg,6,FALSE
./own/data/nipu_dgt_6__100.jpg,6,FALSE
./own/data/nipu_dgt_6__101.jpg,6,FALSE
./own/data/nipu_dgt_6__102.jpg,6,FALSE
./own/data/nipu_dgt_6__103.jpg,6,FALSE
./own/data/nipu_dgt_7__1.jpg,7,FALSE
./own/data/nipu_dgt_7__2.jpg,7,FALSE
./own/data/nipu_dgt_7__3.jpg,7,FALSE
./own/data/nipu_dgt_7__4.jpg,7,FALSE
./own/data/nipu_dgt_7__5.jpg,7,FALSE
./own/data/nipu_dgt_7__6.jpg,7,FALSE
./own/data/nipu_dgt_7__7.jpg,7,FALSE
./own/data/nipu_dgt_7__8.jpg,7,FALSE
./own/data/nipu_dgt_7__9.jpg,7,FALSE
./own/data/nipu_dgt_7__10.jpg,7,FALSE
./own/data/nipu_dgt_7__11.jpg,7,FALSE
./own/data/nipu_dgt_7__12.jpg,7,FALSE
./own/data/nipu_dgt_7__13.jpg,7,FALSE
./own/data/nipu_dgt_7__14.jpg,7,FALSE
./own/data/nipu_dgt_7__15.jpg,7,FALSE
./own/data/nipu_dgt_7__16.jpg,7,FALSE
./own/data/nipu_dgt_7__17.jpg,7,FALSE
./own/data/nipu_dgt_7__18.jpg,7,FALSE
./own/data/nipu_dgt_7__19.jpg,7,FALSE
./own/data/nipu_dgt_7__20.jpg,7,FALSE
./own/data/nipu_dgt_7__21.jpg,7,FALSE
./own/data/nipu_dgt_7__22.jpg,7,FALSE
./own/data/nipu_dgt_7__23.jpg,7,FALSE
./own/data/nipu_dgt_7__25.jpg,7,FALSE
./own/data/nipu_dgt_7__26.jpg,7,FALSE
./own/data/nipu_dgt_7__27.jpg,7,FALSE
./own/data/nipu_dgt_7__28.jpg,7,FALSE
./own/data/nipu_dgt_7__29.jpg,7,FALSE
./own/data/nipu_dgt_7__30.jpg,7,FALSE
./own/data/nipu_dgt_7__31.jpg,7,FALSE
./own/data/nipu_dgt_7__32.jpg,7,FALSE
./own/data/nipu_dgt_7__33.jpg,7,FALSE
./own/data/nipu_dgt_7__34.jpg,7,FALSE
./own/data/nipu_dgt_7__35.jpg,7,FALSE
./own/data/nipu_dgt_7__36.jpg,7,FALSE
./own/data/nipu_dgt_7__37.jpg,7,FALSE
./own/data/nipu_dgt_7__38.jpg,7,FALSE
./own/data/nipu_dgt_7__39.jpg,7,FALSE
./own/data/nipu_dgt_7__40.jpg,7,FALSE
./own/data/nipu_dgt_7__41.jpg,7,FALSE
./own/data/nipu_dgt_7__42.jpg,7,FALSE
./own/data/nipu_dgt_7__43.jpg,7,FALSE
./own/data/nipu_dgt_7__44.jpg,7,FALSE
./own/data/nipu_dgt_7__45.jpg,7,FALSE
./own/data/nipu_dgt_7__46.jpg,7,FALSE
./own/data/nipu_dgt_7__47.jpg,7,FALSE
./own/data/nipu_dgt_7__48.jpg,7,FALSE
./own/data/nipu_dgt_7__49.jpg,7,FALSE
./own/data/nipu_dgt_7__50.jpg,7,FALSE
./own/data/nipu_dgt_7__52.jpg,7,FALSE
./own/data/nipu_dgt_7__53.jpg,7,FALSE
./own/data/nipu_dgt_7__54.jpg,7,FALSE
./own/data/nipu_dgt_7__55.jpg,7,FALSE
./own/data/nipu_dgt_7__56.jpg,7,FALSE
./own/data/nipu_dgt_7__57.jpg,7,FALSE
./own/data/nipu_dgt_7__58.jpg,7,FALSE
./own/data/nipu_dgt_7__59.jpg,7,FALSE
./own/data/nipu_dgt_7__60.jpg,7,FALSE
./own/data/nipu_dgt_7__61.jpg,7,FALSE
./own/data/nipu_dgt_7__62.jpg,7,FALSE
./own/data/nipu_dgt_7__63.jpg,7,FALSE
./own/data/nipu_dgt_7__64.jpg,7,FALSE
./own/data/nipu_dgt_7__65.jpg,7,FALSE
./own/data/nipu_dgt_7__66.jpg,7,FALSE
./own/data/nipu_dgt_7__67.jpg,7,FALSE
./own/data/nipu_dgt_7__68.jpg,7,FALSE
./own/data/nipu_dgt_7__70.jpg,7,FALSE
./own/data/nipu_dgt_7__71.jpg,7,FALSE
./own/data/nipu_dgt_7__72.jpg,7,FALSE
./own/data/nipu_dgt_7__73.jpg,7,FALSE
./own/data/nipu_dgt_7__74.jpg,7,FALSE
./own/data/nipu_dgt_7__75.jpg,7,FALSE
./own/data/nipu_dgt_7__76.jpg,7,FALSE
./own/data/nipu_dgt_7__77.jpg,7,FALSE
./own/data/nipu_dgt_7__78.jpg,7,FALSE
./own/data/nipu_dgt_7__79.jpg,7,FALSE
./own/data/nipu_dgt_7__80.jpg,7,FALSE
./own/data/nipu_dgt_7__81.jpg,7,FALSE
./own/data/nipu_dgt_7__82.jpg,7,FALSE
./own/data/nipu_dgt_7__83.jpg,7,FALSE
./own/data/nipu_dgt_7__84.jpg,7,FALSE
./own/data/nipu_dgt_7__85.jpg,7,FALSE
./own/data/nipu_dgt_7__86.jpg,7,FALSE
./own/data/nipu_dgt_7__87.jpg,7,FALSE
./own/data/nipu_dgt_7__88.jpg,7,FALSE
./own/data/nipu_dgt_7__89.jpg,7,FALSE
./own/data/nipu_dgt_7__90.jpg,7,FALSE
./own/data/nipu_dgt_7__91.jpg,7,FALSE
./own/data/nipu_dgt_7__92.jpg,7,FALSE
./own/data/nipu_dgt_7__93.jpg,7,FALSE
./own/data/nipu_dgt_7__94.jpg,7,FALSE
./own/data/nipu_dgt_7__95.jpg,7,FALSE
./own/data/nipu_dgt_7__96.jpg,7,FALSE
./own/data/nipu_dgt_7__97.jpg,7,FALSE
./own/data/nipu_dgt_7__98.jpg,7,FALSE
./own/data/nipu_dgt_7__99.jpg,7,FALSE
./own/data/nipu_dgt_7__100.jpg,7,FALSE
./own/data/nipu_dgt_7__101.jpg,7,FALSE
./own/data/nipu_dgt_7__102.jpg,7,FALSE
./own/data/nipu_dgt_7__103.jpg,7,FALSE
./own/data/nipu_dgt_8__1.jpg,8,FALSE
./own/data/nipu_dgt_8__2.jpg,8,FALSE
./own/data/nipu_dgt_8__3.jpg,8,FALSE
./own/data/nipu_dgt_8__4.jpg,8,FALSE
./own/data/nipu_dgt_8__5.jpg,8,FALSE
./own/data/nipu_dgt_8__6.jpg,8,FALSE
./own/data/nipu_dgt_8__7.jpg,8,FALSE
./own/data/nipu_dgt_8__8.jpg,8,FALSE
./own/data/nipu_dgt_8__9.jpg,8,FALSE
./own/data/nipu_dgt_8__10.jpg,8,FALSE
./own/data/nipu_dgt_8__11.jpg,8,FALSE
./own/data/nipu_dgt_8__12.jpg,8,FALSE
./own/data/nipu_dgt_8__13.jpg,8,FALSE
./own/data/nipu_dgt_8__14.jpg,8,FALSE
./own/data/nipu_dgt_8__15.jpg,8,FALSE
./own/data/nipu_dgt_8__16.jpg,8,FALSE
./own/data/nipu_dgt_8__17.jpg,8,FALSE
./own/data/nipu_dgt_8__18.jpg,8,FALSE
./own/data/nipu_dgt_8__19.jpg,8,FALSE
./own/data/nipu_dgt_8__20.jpg,8,FALSE
./own/data/nipu_dgt_8__21.jpg,8,FALSE
./own/data/nipu_dgt_8__22.jpg,8,FALSE
./own/data/nipu_dgt_8__24.jpg,8,FALSE
./own/data/nipu_dgt_8__25.jpg,8,FALSE
./own/data/nipu_dgt_8__28.jpg,8,FALSE
./own/data/nipu_dgt_8__29.jpg,8,FALSE
./own/data/nipu_dgt_8__30.jpg,8,FALSE
./own/data/nipu_dgt_8__31.jpg,8,FALSE
./own/data/nipu_dgt_8__33.jpg,8,FALSE
./own/data/nipu_dgt_8__34.jpg,8,FALSE
./own/data/nipu_dgt_8__35.jpg,8,FALSE
./own/data/nipu_dgt_8__36.jpg,8,FALSE
./own/data/nipu_dgt_8__37.jpg,8,FALSE
./own/data/nipu_dgt_8__38.jpg,8,FALSE
./own/data/nipu_dgt_8__39.jpg,8,FALSE
./own/data/nipu_dgt_8__40.jpg,8,FALSE
./own/data/nipu_dgt_8__41.jpg,8,FALSE
./own/data/nipu_dgt_8__42.jpg,8,FALSE
./own/data/nipu_dgt_8__43.jpg,8,FALSE
./own/data/nipu_dgt_8__44.jpg,8,FALSE
./own/data/nipu_dgt_8__45.jpg,8,FALSE
./own/data/nipu_dgt_8__47.jpg,8,FALSE
./own/data/nipu_dgt_8__48.jpg,8,FALSE
./own/data/nipu_dgt_8__49.jpg,8,FALSE
./own/data/nipu_dgt_8__50.jpg,8,FALSE
./own/data/nipu_dgt_8__51.jpg,8,FALSE
./own/data/nipu_dgt_8__52.jpg,8,FALSE
./own/data/nipu_dgt_8__53.jpg,8,FALSE
./own/data/nipu_dgt_8__54.jpg,8,FALSE
./own/data/nipu_dgt_8__55.jpg,8,FALSE
./own/data/nipu_dgt_8__56.jpg,8,FALSE
./own/data/nipu_dgt_8__57.jpg,8,FALSE
./own/data/nipu_dgt_8__58.jpg,8,FALSE
./own/data/nipu_dgt_8__59.jpg,8,FALSE
./own/data/nipu_dgt_8__60.jpg,8,FALSE
./own/data/nipu_dgt_8__62.jpg,8,FALSE
./own/data/nipu_dgt_8__63.jpg,8,FALSE
./own/data/nipu_dgt_8__64.jpg,8,FALSE
./own/data/nipu_dgt_8__65.jpg,8,FALSE
./own/data/nipu_dgt_8__66.jpg,8,FALSE
./own/data/nipu_dgt_8__68.jpg,8,FALSE
./own/data/nipu_dgt_8__69.jpg,8,FALSE
./own/data/nipu_dgt_8__70.jpg,8,FALSE
./own/data/nipu_dgt_8__71.jpg,8,FALSE
./own/data/nipu_dgt_8__72.jpg,8,FALSE
./own/data/nipu_dgt_8__74.jpg,8,FALSE
./own/data/nipu_dgt_8__75.jpg,8,FALSE
./own/data/nipu_dgt_8__76.jpg,8,FALSE
./own/data/nipu_dgt_8__77.jpg,8,FALSE
./own/data/nipu_dgt_8__78.jpg,8,FALSE
./own/data/nipu_dgt_8__79.jpg,8,FALSE
./own/data/nipu_dgt_8__80.jpg,8,FALSE
./own/data/nipu_dgt_8__81.jpg,8,FALSE
./own/data/nipu_dgt_8__82.jpg,8,FALSE
./own/data/nipu_dgt_8__83.jpg,8,FALSE
./own/data/nipu_dgt_8__84.jpg,8,FALSE
./own/data/nipu_dgt_8__85.jpg,8,FALSE
./own/data/nipu_dgt_8__86.jpg,8,FALSE
./own/data/nipu_dgt_8__87.jpg,8,FALSE
./own/data/nipu_dgt_8__88.jpg,8,FALSE
./own/data/nipu_dgt_8__89.jpg,8,FALSE
./own/data/nipu_dgt_8__90.jpg,8,FALSE
./own/data/nipu_dgt_8__91.jpg,8,FALSE
./own/data/nipu_dgt_8__92.jpg,8,FALSE
./own/data/nipu_dgt_8__93.jpg,8,FALSE
./own/data/nipu_dgt_8__94.jpg,8,FALSE
./own/data/nipu_dgt_8__95.jpg,8,FALSE
./own/data/nipu_dgt_8__96.jpg,8,FALSE
./own/data/nipu_dgt_8__97.jpg,8,FALSE
./own/data/nipu_dgt_8__98.jpg,8,FALSE
./own/data/nipu_dgt_8__99.jpg,8,FALSE
./own/data/nipu_dgt_8__100.jpg,8,FALSE
./own/data/nipu_dgt_8__102.jpg,8,FALSE
./own/data/nipu_dgt_8__103.jpg,8,FALSE
./own/data/nipu_dgt_8__104.jpg,8,FALSE
./own/data/nipu_dgt_8__105.jpg,8,FALSE
./own/data/nipu_dgt_8__106.jpg,8,FALSE
./own/data/nipu_dgt_8__107.jpg,8,FALSE
./own/data/nipu_dgt_8__108.jpg,8,FALSE
./own/data/nipu_dgt_8__109.jpg,8,FALSE
./own/data/nipu_dgt_9__1.jpg,9,FALSE
./own/data/nipu_dgt_9__2.jpg,9,FALSE
./own/data/nipu_dgt_9__3.jpg,9,FALSE
./own/data/nipu_dgt_9__4.jpg,9,FALSE
./own/data/nipu_dgt_9__5.jpg,9,FALSE
./own/data/nipu_dgt_9__6.jpg,9,FALSE
./own/data/nipu_dgt_9__7.jpg,9,FALSE
./own/data/nipu_dgt_9__8.jpg,9,FALSE
./own/data/nipu_dgt_9__9.jpg,9,FALSE
./own/data/nipu_dgt_9__10.jpg,9,FALSE
./own/data/nipu_dgt_9__11.jpg,9,FALSE
./own/data/nipu_dgt_9__12.jpg,9,FALSE
./own/data/nipu_dgt_9__13.jpg,9,FALSE
./own/data/nipu_dgt_9__14.jpg,9,FALSE
./own/data/nipu_dgt_9__15.jpg,9,FALSE
./own/data/nipu_dgt_9__16.jpg,9,FALSE
./own/data/nipu_dgt_9__17.jpg,9,FALSE
./own/data/nipu_dgt_9__18.jpg,9,FALSE
./own/data/nipu_dgt_9__19.jpg,9,FALSE
./own/data/nipu_dgt_9__20.jpg,9,FALSE
./own/data/nipu_dgt_9__21.jpg,9,FALSE
./own/data/nipu_dgt_9__22.jpg,9,FALSE
./own/data/nipu_dgt_9__23.jpg,9,FALSE
./own/data/nipu_dgt_9__24.jpg,9,FALSE
./own/data/nipu_dgt_9__25.jpg,9,FALSE
./own/data/nipu_dgt_9__26.jpg,9,FALSE
./own/data/nipu_dgt_9__27.jpg,9,FALSE
./own/data/nipu_dgt_9__28.jpg,9,FALSE
./own/data/nipu_dgt_9__29.jpg,9,FALSE
./own/data/nipu_dgt_9__30.jpg,9,FALSE
./own/data/nipu_dgt_9__31.jpg,9,FALSE
./own/data/nipu_dgt_9__32.jpg,9,FALSE
./own/data/nipu_dgt_9__33.jpg,9,FALSE
./own/data/nipu_dgt_9__34.jpg,9,FALSE
./own/data/nipu_dgt_9__35.jpg,9,FALSE
./own/data/nipu_dgt_9__36.jpg,9,FALSE
./own/data/nipu_dgt_9__37.jpg,9,FALSE
./own/data/nipu_dgt_9__38.jpg,9,FALSE
./own/data/nipu_dgt_9__39.jpg,9,FALSE
./own/data/nipu_dgt_9__40.jpg,9,FALSE
./own/data/nipu_dgt_9__41.jpg,9,FALSE
./own/data/nipu_dgt_9__42.jpg,9,FALSE
./own/data/nipu_dgt_9__43.jpg,9,FALSE
./own/data/nipu_dgt_9__44.jpg,9,FALSE
./own/data/nipu_dgt_9__45.jpg,9,FALSE
./own/data/nipu_dgt_9__46.jpg,9,FALSE
./own/data/nipu_dgt_9__47.jpg,9,FALSE
./own/data/nipu_dgt_9__48.jpg,9,FALSE
./own/data/nipu_dgt_9__49.jpg,9,FALSE
./own/data/nipu_dgt_9__50.jpg,9,FALSE
./own/data/nipu_dgt_9__51.jpg,9,FALSE
./own/data/nipu_dgt_9__52.jpg,9,FALSE
./own/data/nipu_dgt_9__53.jpg,9,FALSE
./own/data/nipu_dgt_9__54.jpg,9,FALSE
./own/data/nipu_dgt_9__55.jpg,9,FALSE
./own/data/nipu_dgt_9__56.jpg,9,FALSE
./own/data/nipu_dgt_9__57.jpg,9,FALSE
./own/data/nipu_dgt_9__58.jpg,9,FALSE
./own/data/nipu_dgt_9__59.jpg,9,FALSE
./own/data/nipu_dgt_9__60.jpg,9,FALSE
./own/data/nipu_dgt_9__61.jpg,9,FALSE
./own/data/nipu_dgt_9__62.jpg,9,FALSE
./own/data/nipu_dgt_9__63.jpg,9,FALSE
./own/data/nipu_dgt_9__64.jpg,9,FALSE
./own/data/nipu_dgt_9__65.jpg,9,FALSE
./own/data/nipu_dgt_9__66.jpg,9,FALSE
./own/data/nipu_dgt_9__67.jpg,9,FALSE
./own/data/nipu_dgt_9__68.jpg,9,FALSE
./own/data/nipu_dgt_9__69.jpg,9,FALSE
./own/data/nipu_dgt_9__70.jpg,9,FALSE
./own/data/nipu_dgt_9__71.jpg,9,FALSE
./own/data/nipu_dgt_9__72.jpg,9,FALSE
./own/data/nipu_dgt_9__73.jpg,9,FALSE
./own/data/nipu_dgt_9__74.jpg,9,FALSE
./own/data/nipu_dgt_9__75.jpg,9,FALSE
./own/data/nipu_dgt_9__76.jpg,9,FALSE
./own/data/nipu_dgt_9__77.jpg,9,FALSE
./own/data/nipu_dgt_9__78.jpg,9,FALSE
./own/data/nipu_dgt_9__79.jpg,9,FALSE
./own/data/nipu_dgt_9__80.jpg,9,FALSE
./own/data/nipu_dgt_9__81.jpg,9,FALSE
./own/data/nipu_dgt_9__82.jpg,9,FALSE
./own/data/nipu_dgt_9__83.jpg,9,FALSE
./own/data/nipu_dgt_9__84.jpg,9,FALSE
./own/data/nipu_dgt_9__85.jpg,9,FALSE
./own/data/nipu_dgt_9__86.jpg,9,FALSE
./own/data/nipu_dgt_9__87.jpg,9,FALSE
./own/data/nipu_dgt_9__88.jpg,9,FALSE
./own/data/nipu_dgt_9__89.jpg,9,FALSE
./own/data/nipu_dgt_9__90.jpg,9,FALSE
./own/data/nipu_dgt_9__91.jpg,9,FALSE
./own/data/nipu_dgt_9__92.jpg,9,FALSE
./own/data/nipu_dgt_9__93.jpg,9,FALSE
./own/data/nipu_dgt_9__94.jpg,9,FALSE
./own/data/nipu_dgt_9__95.jpg,9,FALSE
./own/data/nipu_dgt_9__96.jpg,9,FALSE
./own/data/nipu_dgt_9__97.jpg,9,FALSE
./own/data/nipu_dgt_9__98.jpg,9,FALSE
./own/data/nipu_dgt_9__99.jpg,9,FALSE
./own/data/nipu_dgt_9__100.jpg,9,FALSE
